{
  "best_global_step": 200,
  "best_metric": 0.6325415372848511,
  "best_model_checkpoint": "C:\\Users\\minsoo\\Desktop\\\uc218\uc9c8\uce21\uc815 \ubc0f \uc624\uc5fc\uc6d0\\deep_see\\models\\chronos_lora512_toc\\checkpoint-200",
  "epoch": 0.13333333333333333,
  "eval_steps": 100,
  "global_step": 200,
  "is_hyper_param_search": false,
  "is_local_process_zero": true,
  "is_world_process_zero": true,
  "log_history": [
    {
      "epoch": 0.06666666666666667,
      "grad_norm": 0.44000932574272156,
      "learning_rate": 4.6700000000000003e-05,
      "loss": 0.6881,
      "step": 100
    },
    {
      "epoch": 0.06666666666666667,
      "eval_loss": 0.6328611969947815,
      "eval_runtime": 1.7312,
      "eval_samples_per_second": 387.02,
      "eval_steps_per_second": 24.261,
      "step": 100
    },
    {
      "epoch": 0.13333333333333333,
      "grad_norm": 1.3587759733200073,
      "learning_rate": 4.3366666666666666e-05,
      "loss": 0.8292,
      "step": 200
    },
    {
      "epoch": 0.13333333333333333,
      "eval_loss": 0.6325415372848511,
      "eval_runtime": 1.5637,
      "eval_samples_per_second": 428.458,
      "eval_steps_per_second": 26.859,
      "step": 200
    }
  ],
  "logging_steps": 100,
  "max_steps": 1500,
  "num_input_tokens_seen": 0,
  "num_train_epochs": 9223372036854775807,
  "save_steps": 100,
  "stateful_callbacks": {
    "TrainerControl": {
      "args": {
        "should_epoch_stop": false,
        "should_evaluate": false,
        "should_log": false,
        "should_save": true,
        "should_training_stop": false
      },
      "attributes": {}
    }
  },
  "total_flos": 0.0,
  "train_batch_size": 16,
  "trial_name": null,
  "trial_params": null
}
