target,thr,direction,n,n_events,event_rate,leg_brier,leg_bss,leg_pr_auc,leg_f1,leg_precision,leg_recall,leg_alpha,leg_lead_day,chr_brier,chr_bss,chr_pr_auc,chr_f1,chr_precision,chr_recall,chr_alpha,chr_lead_day
chl-a,20.0,high,7497,1718,0.22915832999866614,0.08288432191546667,0.5307853573627345,0.7985589006568228,0.7692307692307693,0.7238193018480493,0.8207217694994179,0.35,2.952482269503546,0.0679602435639956,0.6152717346237798,0.857971005566765,0.8044003219747787,0.7461423593827775,0.8725261932479628,0.3,2.917278185456971
do,5.0,low,7515,545,0.07252162341982701,0.01569805583668704,0.766614129904186,0.899641976264322,0.8830409356725146,0.9417879417879418,0.8311926605504587,0.4,2.9558498896247243,0.009431729659933004,0.859776748401698,0.9622894034488456,0.9155470249520153,0.959758551307847,0.8752293577981651,0.65,2.9664570230607965
tn,3.0,high,7315,803,0.10977443609022557,0.02741685088767034,0.7194461106118101,0.9173430659035615,0.8425865447419986,0.885989010989011,0.8032378580323786,0.45,2.882170542635659,0.022157804970550365,0.7732614007982777,0.9120264553619805,0.8681177976952625,0.8932806324110671,0.8443337484433375,0.5,2.8997050147492627
toc,2.924072111783094,high,7365,735,0.09979633401221996,0.04348893470959686,0.5159130174196915,0.7307209465857761,0.7207325049051668,0.6939546599496221,0.7496598639455783,0.4,2.9655172413793105,0.02830773837463235,0.6848989807417702,0.8571368147692375,0.8236057068741894,0.7868649318463445,0.8639455782312925,0.35,2.9244094488188974
tp,0.02889266700680594,high,7210,721,0.1,0.1347093638882667,-0.4967707098696299,0.35301894296409264,0.38504936530324396,0.2581560283687943,0.7572815533980582,0.3,2.8241758241758244,0.02690247987446262,0.7010835569504154,0.8803767589698984,0.8333333333333333,0.8565153733528551,0.811373092926491,0.45,2.8957264957264957
