target,n,leg_crps_skill,chr_crps_skill,leg_cov80,chr_cov80,leg_cov90,chr_cov90,leg_nse,chr_nse
chl-a,7497,0.3906637154167208,0.5335044004428806,0.7472268706352814,0.7710098928172472,0.8442757331907023,0.8794767736244469,0.45270415065966413,0.4902184128377732
do,7515,0.6679222223430814,0.7666694198763082,0.7596709029492879,0.7358852665118627,0.8592683775358374,0.8488799908755198,0.7370268475181769,0.8999784093646233
tn,7315,0.43893389064950145,0.6466130410712293,0.7711444143809578,0.8257479685846377,0.8683373136441936,0.9020595525483672,0.44787609121859173,0.7851464690515233
toc,7365,0.4750008371629545,0.637983168914831,0.7418483449379447,0.786320817424298,0.8477933468360511,0.8729024159483683,0.343886723950158,0.783504640732557
tp,7210,0.08327920498750799,0.5750284141479136,0.7456121129012909,0.8390997084015559,0.8449899615455972,0.9123987704916787,0.5470046111047318,0.7076525525415722
